TS,Corrente_Agitador_1601,Corrente_Agitador_1602,Corrente_Agitador_1603,Corrente_Agitador_1604,Corrente_Agitador_1605,Corrente_BB_1006,Corrente_Bomba_1601,Corrente_Bomba_1602,Vazao_Pasta,Dosagem_Acucar_TQ1001,Dosagem_Acucar_TQ1002,Dosagem_Acucar_TQ1003,Dosagem_Agua_TQ1001,Dosagem_Agua_TQ1002,Dosagem_Agua_TQ1003,Dosagem_Oleo_TQ1001,Dosagem_Oleo_TQ1002,Dosagem_Oleo_TQ1003,Dosagem_Vinagre_TQ1001,Dosagem_Vinagre_TQ1002,Dosagem_Vinagre_TQ1003,Pressao_CZ_1603,Pressao_CZ_1605,Temp_CZ_1601,Temp_Holding_1633,Temp_Holding_1634
2023-07-25 16:58:00,8.99,09.08,13.88,13.73,13.77,08.09,5.19,5.38,4.931.073,6.407.143,6.407.143,6.407.143,7795,7795,7795,3.337.099,29.922.918,29.732.674,305,306,301,8.249.027,2.662.127,6.809.338,28.845.655,2.890.402
2023-07-25 16:56:00,8.99,09.09,13.87,13.73,13.87,8.12,5.95,5.39,49.291.035,6.407.143,6.407.143,6.407.143,7795,7795,7795,3.337.099,29.922.918,29.732.674,305,306,301,8.249.027,2.726.978,79.442.285,2.890.402,2.890.402
2023-07-25 16:54:00,8.99,09.08,13.84,13.75,16.06,7.32,5.91,5.4,3.237.224,6.407.143,6.407.143,6.407.143,7795,7795,7795,3.337.099,29.922.918,29.732.674,305,306,301,8.767.834,26.945.525,8.511.673,2.890.402,2.890.402
2023-07-25 16:52:00,8.99,09.09,13.84,14.24,17.28,7.48,5.69,5.36,37.273.026,6.407.143,6.407.143,6.407.143,7795,7795,7795,3.337.099,29.922.918,29.732.674,305,306,301,8.767.834,2.726.978,79.442.285,29.033.722,29.033.722
2023-07-25 16:50:00,8.98,09.08,13.86,16.9,17.35,7.68,5.69,5.36,4.373.133,6.407.143,6.407.143,6.407.143,7795,7795,7795,3.337.099,29.922.918,29.732.674,305,306,301,92.866.406,2.726.978,79.442.285,29.098.574,29.098.574
2023-07-25 16:48:00,8.98,09.07,15.56,16.97,17.35,7.76,5.69,5.37,44.821.148,6.407.143,6.407.143,6.407.143,7795,7795,7795,3.337.099,29.922.918,29.732.674,305,306,301,92.866.406,27.594.033,9.646.563,29.163.424,29.163.424
2023-07-25 16:46:00,8.98,09.07,17.04,16.99,17.43,8.24,5.68,5.59,5.467.931,6.407.143,6.407.143,6.407.143,7795,7795,7795,3.337.099,29.922.918,29.732.674,305,306,301,92.866.406,27.594.033,6.809.338,29.228.275,29.228.275
2023-07-25 16:44:00,8.96,09.09,16.93,16.99,17.43,10.59,5.67,5.59,7.223.751,6.407.143,6.407.143,6.407.143,7795,7795,7795,3.337.099,29.922.918,29.732.674,305,306,301,98.054.476,27.918.288,6.809.338,29.293.125,29.228.275
2023-07-25 16:42:00,8.95,9.86,16.85,16.93,17.35,10.87,6,5.55,75.844.284,6.407.143,6.407.143,6.407.143,7795,7795,7795,3.337.099,29.922.918,29.732.674,305,306,301,98.054.476,28.242.543,6.809.338,29.293.125,29.357.977
2023-07-25 16:40:00,8.95,10.27,16.78,16.9,17.24,10.99,06.02,5.54,74.895.805,6.407.143,6.407.143,6.407.143,7795,7795,7795,3.337.099,29.922.918,29.732.674,305,306,301,10.324.254,28.242.543,6.809.338,29.416.342,29.293.125
2023-07-25 16:38:00,8.95,10.26,16.82,16.9,17.24,11.11,5.87,5.53,7.582.723,6.407.143,6.407.143,6.407.143,7795,7795,7795,3.337.099,29.922.918,29.732.674,305,306,301,10.324.254,2.853.437,6.809.338,29.481.194,29.481.194
2023-07-25 16:36:00,8.95,10.26,16.8,16.89,17.2,11.13,5.87,5.53,7.577.366,6.407.143,6.407.143,6.407.143,7795,7795,7795,3.337.099,29.922.918,29.732.674,305,306,301,10.324.254,2.853.437,9.646.563,29.481.194,29.546.043
2023-07-25 16:34:00,8.98,10.28,16.8,16.89,17.22,11.12,5.86,5.53,75.765.144,6.407.143,6.407.143,6.407.143,7795,7795,7795,3.337.099,29.922.918,29.732.674,305,306,301,10.324.254,2.853.437,8.511.673,29.546.043,29.546.043
2023-07-25 16:32:00,8.98,10.3,16.82,16.93,17.24,11.12,5.86,5.53,7.555.239,6.407.143,6.407.143,6.407.143,7795,7795,7795,3.337.099,29.922.918,29.732.674,305,306,301,1.079.118,28.858.626,79.442.285,29.610.895,29.610.895
2023-07-25 16:30:00,8.98,10.29,16.79,16.92,17.26,11.12,5.86,5.53,7.532.657,6.407.143,6.407.143,6.407.143,7795,7795,7795,3.337.099,29.922.918,29.732.674,305,306,301,1.079.118,29.182.878,79.442.285,29.740.597,29.740.597
2023-07-25 16:28:00,8.97,10.28,16.8,16.91,17.25,11.1,5.87,5.53,7.525.499,6.407.143,6.407.143,6.407.143,7795,7795,7795,3.337.099,29.922.918,29.732.674,305,306,301,11.309.987,29.507.133,79.442.285,29.805.447,29.740.597
2023-07-25 16:26:00,8.98,10.29,16.79,16.91,17.26,11.07,5.87,5.54,75.112.434,6.407.143,6.407.143,6.407.143,7795,7795,7795,3.337.099,29.922.918,29.732.674,305,306,301,11.309.987,29.507.133,79.442.285,29.805.447,29.805.447
2023-07-25 16:24:00,8.92,10.2,16.68,16.85,17.21,11.05,5.88,5.54,7.507.444,6.407.143,6.407.143,6.407.143,7795,7795,7795,3.337.099,29.922.918,29.732.674,305,306,301,118.287.936,2.983.139,79.442.285,29.870.298,29.935.148
2023-07-25 16:22:00,8.93,10.27,16.75,16.91,17.28,11.07,5.9,5.54,7.500.662,6.407.143,6.407.143,6.407.143,7795,7795,7795,3.337.099,29.922.918,29.732.674,305,306,301,118.287.936,2.983.139,79.442.285,29.993.515,29.993.515
2023-07-25 16:20:00,8.95,10.26,16.75,16.93,17.35,11.04,5.92,5.54,7.516.557,6.407.143,6.407.143,6.407.143,7795,7795,7795,3.337.099,29.922.918,29.732.674,305,306,301,118.287.936,3.015.564,79.442.285,30.058.365,29.993.515
2023-07-25 16:18:00,8.94,10.27,16.84,16.96,17.44,11.07,5.94,5.54,7.520.877,6.407.143,6.407.143,6.407.143,7795,7795,7795,3.337.099,29.922.918,29.732.674,305,306,301,123.476.006,3.015.564,79.442.285,30.058.365,30.058.365
2023-07-25 16:16:00,8.95,10.27,16.78,17.02,17.64,11.08,5.95,5.54,7.511.316,6.407.143,6.407.143,6.407.143,7795,7795,7795,3.337.099,29.922.918,29.732.674,305,306,301,123.476.006,30.479.896,79.442.285,30.188.068,30.188.068
2023-07-25 16:14:00,9,10.3,17.01,17.3,17.93,11.09,5.96,5.55,75.254,6.407.143,6.407.143,6.407.143,7795,7795,7795,3.337.099,29.922.918,29.732.674,305,306,301,123.476.006,30.479.896,79.442.285,30.252.918,30.188.068
2023-07-25 16:12:00,09.02,10.32,16.95,17.44,18.06,11.11,5.96,5.55,7.550.199,6.407.143,6.407.143,6.407.143,7795,7795,7795,3.337.099,29.922.918,29.732.674,305,306,301,12.866.408,3.080.415,79.442.285,3.031.777,30.252.918
2023-07-25 16:10:00,09.06,10.32,17.02,17.58,18.06,11.18,5.99,5.59,7.571.724,6.407.143,6.407.143,6.407.143,7795,7795,7795,3.337.099,29.922.918,29.732.674,305,306,301,12.866.408,3.080.415,79.442.285,3.038.262,3.038.262
2023-07-25 16:08:00,8.87,10.23,17.3,17.52,17.94,11.26,5.96,5.56,7.632.476,6.407.143,6.407.143,6.407.143,7795,7795,7795,3.337.099,29.922.918,29.732.674,305,306,301,13.385.214,3.109.598,79.442.285,3.038.262,3.038.262
2023-07-25 16:06:00,8.85,10.24,17.34,17.5,17.94,11.49,5.95,5.56,7.760.177,6.407.143,6.407.143,6.407.143,7795,7795,7795,3.337.099,29.922.918,29.732.674,305,306,301,13.385.214,31.420.234,79.442.285,30.505.836,30.505.836
2023-07-25 16:04:00,8.84,10.31,17.35,17.5,17.97,11.66,5.95,5.57,7.893.949,6.407.143,6.407.143,6.407.143,7795,7795,7795,3.337.099,29.922.918,29.732.674,305,306,301,13.385.214,3.174.449,79.442.285,30.570.688,30.505.836
2023-07-25 16:02:00,8.88,10.51,17.36,17.51,17.93,11.79,5.96,5.57,7.941.657,6.407.143,6.407.143,6.407.143,7795,7795,7795,3.337.099,29.922.918,29.732.674,305,306,301,1.390.402,3.206.874,79.442.285,30.635.538,30.635.538
2023-07-25 16:00:00,8.88,10.62,17.34,17.52,17.98,11.82,5.95,5.56,7.959.971,6.407.143,6.407.143,6.407.143,7795,7795,7795,3.337.099,29.922.918,29.732.674,305,306,301,1.390.402,3.206.874,79.442.285,3.070.039,3.070.039
2023-07-25 15:58:00,8.88,10.68,17.38,17.52,17.96,11.82,5.96,5.57,7.941.997,6.407.143,6.407.143,6.407.143,7795,7795,7795,3.337.099,29.922.918,29.732.674,305,306,301,1.390.402,3.206.874,79.442.285,30.830.091,3.076.524
2023-07-25 15:56:00,8.85,10.72,17.36,17.5,17.96,11.8,5.96,5.57,7.949.549,6.407.143,6.407.143,6.407.143,7795,7795,7795,3.337.099,29.922.918,29.732.674,305,306,301,14.422.828,32.392.997,79.442.285,30.894.941,30.830.091
2023-07-25 15:54:00,8.88,10.73,17.37,17.52,17.9,11.83,5.95,5.57,7.977.045,6.407.143,6.407.143,6.407.143,7795,7795,7795,3.337.099,29.922.918,29.732.674,305,306,301,14.422.828,32.717.252,79.442.285,30.959.793,30.894.941
2023-07-25 15:52:00,8.88,10.7,17.38,17.52,17.95,11.94,5.95,5.57,8.039.437,6.407.143,6.407.143,6.407.143,7795,7795,7795,3.337.099,29.922.918,29.732.674,305,306,301,14.941.634,33.041.504,79.442.285,31.024.643,30.959.793
2023-07-25 15:50:00,8.89,10.7,17.35,17.53,17.95,11.93,5.96,5.57,8.033.592,6.407.143,6.407.143,6.407.143,7795,7795,7795,3.337.099,29.922.918,29.732.674,305,306,301,14.941.634,33.041.504,9.079.118,3.108.301,31.024.643
2023-07-25 15:48:00,8.88,10.71,17.4,17.52,17.93,11.92,5.95,5.57,8.007.977,6.407.143,6.407.143,6.407.143,7795,7795,7795,3.337.099,29.922.918,29.732.674,305,306,301,14.941.634,3.336.576,79.442.285,3.114.786,3.114.786
2023-07-25 15:46:00,8.88,10.7,17.36,17.53,17.94,11.93,5.95,5.56,8.007.554,6.407.143,6.407.143,6.407.143,7795,7795,7795,3.337.099,29.922.918,29.732.674,305,306,301,1.540.856,33.657.587,79.442.285,31.212.711,31.212.711
2023-07-25 15:44:00,8.88,10.69,17.37,17.53,17.93,11.92,5.95,5.57,80.197.945,6.407.143,6.407.143,6.407.143,7795,7795,7795,3.337.099,29.922.918,29.732.674,305,306,301,1.540.856,3.336.576,79.442.285,31.212.711,31.277.561
2023-07-25 15:42:00,8.88,10.65,17.38,17.52,17.92,11.9,5.95,5.57,8.002.548,6.407.143,6.407.143,6.407.143,7795,7795,7795,3.337.099,29.922.918,29.732.674,305,306,301,1.540.856,33.657.587,79.442.285,31.407.263,31.342.413
2023-07-25 15:40:00,8.86,10.69,17.37,17.52,17.9,11.89,5.95,5.57,8.015.459,6.407.143,6.407.143,6.407.143,7795,7795,7795,3.337.099,29.922.918,29.732.674,305,306,301,15.927.367,33.981.842,79.442.285,31.472.115,31.407.263
2023-07-25 15:38:00,8.85,10.72,17.4,17.5,17.88,11.91,5.96,5.55,8.024.956,6.407.143,6.407.143,6.407.143,7795,7795,7795,3.337.099,29.922.918,29.732.674,305,306,301,15.927.367,33.981.842,11.348.897,31.536.964,31.472.115
2023-07-25 15:36:00,8.86,10.65,17.39,17.5,17.86,11.88,5.96,5.56,79.943.855,6.407.143,6.407.143,6.407.143,7795,7795,7795,3.337.099,29.922.918,29.732.674,305,306,301,15.927.367,33.981.842,10.781.453,31.536.964,31.536.964
2023-07-25 15:34:00,8.84,10.68,17.35,17.51,17.89,11.89,5.95,5.56,80.033.066,6.407.143,6.407.143,6.407.143,7795,7795,7795,3.337.099,29.922.918,29.732.674,305,306,301,16.446.173,34.306.097,9.646.563,31.660.181,31.595.331
2023-07-25 15:32:00,8.86,10.65,17.37,17.51,17.92,11.86,5.96,5.57,79.699.684,6.407.143,6.407.143,6.407.143,7795,7795,7795,3.337.099,29.922.918,29.732.674,305,306,301,16.446.173,3.463.035,79.442.285,31.725.033,31.660.181
2023-07-25 15:30:00,8.82,10.65,17.39,17.5,17.96,11.89,5.96,5.57,80.193.825,6.407.143,6.407.143,6.407.143,7795,7795,7795,3.337.099,29.922.918,29.732.674,305,306,301,16.964.981,3.463.035,10.781.453,31.789.883,31.789.883
2023-07-25 15:28:00,8.79,10.64,17.37,17.49,17.88,11.83,5.96,5.57,7.979.703,6.407.143,6.407.143,6.407.143,7795,7795,7795,3.337.099,29.922.918,29.732.674,305,306,301,16.964.981,34.954.605,11.348.897,31.854.734,31.789.883
2023-07-25 15:26:00,8.81,10.65,17.37,17.51,17.91,11.88,5.97,5.57,7.976.329,6.407.143,6.407.143,6.407.143,7795,7795,7795,3.337.099,29.922.918,29.732.674,305,306,301,16.964.981,34.954.605,8.511.673,31.854.734,31.919.584
2023-07-25 15:24:00,8.81,10.64,17.34,17.53,18.06,11.85,5.98,5.57,7.977.966,6.407.143,6.407.143,6.407.143,7795,7795,7795,3.337.099,29.922.918,29.732.674,305,306,301,17.483.787,3.527.886,8.511.673,31.984.436,31.984.436
2023-07-25 15:22:00,8.81,10.66,17.38,17.58,18.06,11.84,5.98,5.58,79.778.496,6.407.143,6.407.143,6.407.143,7795,7795,7795,3.337.099,29.922.918,29.732.674,305,306,301,17.483.787,35.603.112,8.511.673,32.049.286,31.984.436
2023-07-25 15:20:00,8.86,10.67,17.38,17.61,18.05,11.87,5.98,5.57,7.962.706,6.407.143,6.407.143,6.407.143,7795,7795,7795,3.337.099,29.922.918,29.732.674,305,306,301,17.483.787,35.603.112,9.079.118,32.114.136,32.049.286
2023-07-25 15:18:00,8.85,10.67,17.46,17.64,18.07,11.89,5.99,5.58,7.984.076,6.407.143,6.407.143,6.407.143,7795,7795,7795,3.337.099,29.922.918,29.732.674,305,306,301,18.002.594,35.603.112,8.511.673,32.237.354,32.237.354
2023-07-25 15:16:00,8.83,10.68,17.47,17.61,18.09,11.88,5.99,5.57,80.124.954,6.407.143,6.407.143,6.407.143,7795,7795,7795,3.337.099,29.922.918,29.732.674,305,306,301,18.002.594,35.927.367,10.781.453,32.302.204,32.237.354
2023-07-25 15:14:00,8.83,10.68,17.49,17.6,18.01,11.92,5.99,5.57,8.038.938,6.407.143,6.407.143,6.407.143,7795,7795,7795,3.337.099,29.922.918,29.732.674,305,306,301,18.002.594,36.251.622,79.442.285,32.367.054,32.302.204
2023-07-25 15:12:00,8.83,10.73,17.45,17.6,18.05,11.93,5.99,5.57,8.005.013,6.407.143,6.407.143,6.407.143,7795,7795,7795,3.337.099,29.922.918,29.732.674,305,306,301,18.521.401,3.654.345,8.511.673,32.367.054,32.367.054
2023-07-25 15:10:00,8.83,10.71,17.42,17.59,18.08,11.88,5.99,5.57,7.991.408,6.407.143,6.407.143,6.407.143,7795,7795,7795,3.337.099,29.922.918,29.732.674,305,306,301,18.521.401,3.654.345,11.348.897,32.496.758,32.431.908
2023-07-25 15:08:00,8.79,10.74,17.41,17.59,18.06,11.86,5.99,5.57,7.974.388,6.407.143,6.407.143,6.407.143,7795,7795,7795,3.337.099,29.922.918,29.732.674,305,306,301,19.040.208,3.654.345,8.511.673,32.496.758,32.496.758
2023-07-25 15:06:00,8.81,10.77,17.53,17.63,18.07,11.9,5.99,5.57,8.020.277,6.407.143,6.407.143,6.407.143,7795,7795,7795,3.337.099,29.922.918,29.732.674,305,306,301,19.040.208,36.867.705,8.511.673,3.262.646,32.561.607
2023-07-25 15:04:00,8.81,10.72,17.44,17.6,18.05,12.01,5.99,5.57,8.055.718,6.407.143,6.407.143,6.407.143,7795,7795,7795,3.337.099,29.922.918,29.732.674,305,306,301,19.040.208,37.191.957,8.511.673,32.684.826,3.262.646
2023-07-25 15:02:00,8.79,10.73,17.44,17.6,18.04,12.05,6,5.57,8.065.863,6.407.143,6.407.143,6.407.143,7795,7795,7795,3.337.099,29.922.918,29.732.674,305,306,301,19.507.134,37.191.957,8.511.673,32.749.676,32.684.826
2023-07-25 15:00:00,8.82,10.79,17.46,17.61,18.05,12.08,6,5.57,8.075.615,6.407.143,6.407.143,6.407.143,7795,7795,7795,3.337.099,29.922.918,29.732.674,305,306,301,19.507.134,37.191.957,8.511.673,32.814.526,32.749.676
2023-07-25 14:58:00,8.83,10.75,17.49,17.6,18.03,12.09,6,5.57,8.069.675,6.407.143,6.407.143,6.407.143,7795,7795,7795,3.337.099,29.922.918,29.732.674,305,306,301,19.507.134,37.516.212,8.511.673,3.294.423,32.814.526
2023-07-25 14:56:00,8.82,10.74,17.52,17.6,18.02,12.15,6,5.57,8.043.494,6.407.143,6.407.143,6.407.143,7795,7795,7795,3.337.099,29.922.918,29.732.674,305,306,301,2.002.594,37.840.468,8.511.673,3.294.423,3.294.423
2023-07-25 14:54:00,8.83,10.75,17.45,17.62,18.08,12.05,6,5.57,80.533.035,6.407.143,6.407.143,6.407.143,7795,7795,7795,3.337.099,29.922.918,29.732.674,305,306,301,2.002.594,37.840.468,9.079.118,3.300.908,3.300.908
2023-07-25 14:52:00,8.84,10.75,17.45,17.63,18.03,12.06,6,5.57,80.686.874,6.407.143,6.407.143,6.407.143,7795,7795,7795,3.337.099,29.922.918,29.732.674,305,306,301,2.002.594,3.816.472,10.781.453,33.138.783,3.307.393
2023-07-25 14:50:00,8.84,10.78,17.5,17.62,18.01,12.1,6,5.57,8.042.554,6.407.143,6.407.143,6.407.143,7795,7795,7795,3.337.099,29.922.918,29.732.674,305,306,301,20.544.747,3.816.472,8.511.673,33.197.147,33.138.783
2023-07-25 14:48:00,8.81,10.74,17.47,17.6,18.05,12.05,5.99,5.57,8.053.128,6.407.143,6.407.143,6.407.143,7795,7795,7795,3.337.099,29.922.918,29.732.674,305,306,301,20.544.747,3.816.472,10.781.453,33.261.997,33.197.147
2023-07-25 14:46:00,8.83,10.74,17.45,17.62,18.05,12.02,5.99,5.57,80.467.285,6.407.143,6.407.143,6.407.143,7795,7795,7795,3.337.099,29.922.918,29.732.674,305,306,301,20.544.747,38.488.975,8.511.673,33.326.847,33.261.997
2023-07-25 14:44:00,8.83,10.75,17.49,17.62,18,11.98,5.99,5.57,800.892,6.407.143,6.407.143,6.407.143,7795,7795,7795,3.337.099,29.922.918,29.732.674,305,306,301,20.544.747,38.488.975,9.646.563,333.917,33.326.847
2023-07-25 14:42:00,8.82,10.75,17.44,17.6,18.02,12.01,5.98,5.57,8.025.459,6.407.143,6.407.143,6.407.143,7795,7795,7795,3.337.099,29.922.918,29.732.674,305,306,301,21.063.554,38.488.975,9.079.118,3.345.655,3.345.655
2023-07-25 14:40:00,8.83,10.73,17.45,17.62,18.02,11.98,5.98,5.57,80.245.186,6.385.714,6.407.143,6.407.143,7795,7795,7795,3.337.099,29.922.918,29.732.674,305,306,301,21.063.554,38.488.975,10.781.453,3.358.625,335.214
2023-07-25 14:38:00,8.81,10.78,17.44,17.57,17.94,11.99,5.97,5.56,8.021.193,6.385.714,6.407.143,6.407.143,7795,7795,7795,3.337.099,29.922.918,29.732.674,305,306,301,21.063.554,3.881.323,9.079.118,33.651.104,3.358.625
2023-07-25 14:36:00,8.81,10.74,17.45,17.53,17.9,11.96,5.97,5.57,8.008.526,6.385.714,6.407.143,6.407.143,7795,7800,7795,3.337.099,29.922.918,29.732.674,305,306,301,21.063.554,3.881.323,9.079.118,33.651.104,33.651.104
2023-07-25 14:34:00,8.83,10.73,17.41,17.49,17.94,11.95,5.97,5.56,8.008.812,6.385.714,6.407.143,6.407.143,7795,7800,7795,3.337.099,29.694.887,29.732.674,305,305,301,21.063.554,3.881.323,10.781.453,33.715.954,33.715.954
2023-07-25 14:32:00,8.82,10.75,17.4,17.5,17.83,11.94,5.97,5.56,7.988.775,6.385.714,6.407.143,6.407.143,7795,7800,7795,3.337.099,29.694.887,29.732.674,305,305,301,21.063.554,3.881.323,9.646.563,3.383.917,3.377.432
2023-07-25 14:30:00,8.84,10.76,17.39,17.48,17.9,11.99,5.97,5.57,8.003.035,6.385.714,6.407.143,6.407.143,7795,7800,7795,3.337.099,29.694.887,29.732.674,305,305,301,21.063.554,39.105.058,9.079.118,33.904.022,33.904.022
2023-07-25 14:28:00,8.83,10.72,17.33,17.46,17.88,11.9,5.97,5.57,7.963.631,6.385.714,6.407.143,6.407.143,7795,7800,7795,3.337.099,29.694.887,29.732.674,305,305,301,2.158.236,39.105.058,9.079.118,33.968.872,33.968.872
2023-07-25 14:26:00,8.88,10.71,17.35,17.52,17.95,11.87,5.98,5.57,79.663.086,6.385.714,6.407.143,6.407.143,7795,7800,7795,3.337.099,29.694.887,29.732.674,305,305,301,2.158.236,39.105.058,124.837.875,3.409.857,34.033.722
2023-07-25 14:24:00,8.87,10.68,17.41,17.5,17.93,11.84,5.97,5.57,7.941.283,6.385.714,6.407.143,6.407.143,7795,7800,7795,3.337.099,29.694.887,29.732.674,305,305,301,2.158.236,3.881.323,9.646.563,34.163.425,3.409.857
2023-07-25 14:22:00,8.84,10.66,17.38,17.49,17.95,11.84,5.98,5.56,7.941.525,6.385.714,6.407.143,6.407.143,7795,7800,7795,3.337.099,29.694.887,29.732.674,305,305,301,2.158.236,39.105.058,9.646.563,34.228.275,34.163.425
2023-07-25 14:20:00,8.85,10.68,17.35,17.49,17.91,11.87,5.97,5.57,7.969.765,6.385.714,6.407.143,6.407.143,7795,7800,7795,3.337.099,29.694.887,29.732.674,305,305,301,2.158.236,39.105.058,124.837.875,3.428.664,34.228.275
2023-07-25 14:18:00,8.83,10.71,17.37,17.47,17.94,11.9,5.98,5.57,8.000.352,6.385.714,6.407.143,6.407.143,7795,7800,7795,3.337.099,29.694.887,29.732.674,305,305,301,2.158.236,39.105.058,9.079.118,34.416.344,3.435.149
2023-07-25 14:16:00,8.91,10.7,17.38,17.5,17.92,11.95,5.98,5.57,80.615.265,6.385.714,6.407.143,6.407.143,7795,7800,7795,3.337.099,29.694.887,29.732.674,305,305,301,2.158.236,39.429.313,9.079.118,34.481.194,34.416.344
2023-07-25 14:14:00,8.9,10.73,17.39,17.5,17.92,11.97,5.97,5.56,8.023.282,6.385.714,6.407.143,6.407.143,7795,7800,7795,3.337.099,29.694.887,29.732.674,305,305,301,2.158.236,39.429.313,9.079.118,34.546.043,34.481.194
2023-07-25 14:12:00,8.88,10.7,17.36,17.52,17.94,11.92,5.98,5.57,79.993.355,6.385.714,6.407.143,6.407.143,7795,7800,7795,3.337.099,29.694.887,29.732.674,305,305,301,2.158.236,39.429.313,9.079.118,34.675.747,34.546.043
2023-07-25 14:10:00,8.88,10.7,17.35,17.5,17.88,11.93,5.97,5.57,80.041.756,6.385.714,6.407.143,6.407.143,7795,7800,7795,3.337.099,29.694.887,29.732.674,305,305,301,2.158.236,39.753.568,9.079.118,34.740.597,34.610.893
2023-07-25 14:08:00,8.88,10.69,17.38,17.5,17.9,11.93,5.97,5.57,8.017.962,6.385.714,6.407.143,6.407.143,7795,7800,7795,3.337.099,29.694.887,29.732.674,305,305,301,2.158.236,39.105.058,119.163.424,34.805.447,34.740.597
2023-07-25 14:06:00,8.86,10.69,17.35,17.48,17.9,11.92,5.97,5.57,7.979.075,6.385.714,6.407.143,6.407.143,7795,7800,7795,3.337.099,29.694.887,29.732.674,305,305,301,2.158.236,39.753.568,119.163.424,34.928.665,34.740.597
2023-07-25 14:04:00,8.87,10.69,17.38,17.5,17.91,11.91,5.98,5.57,799.932,6.385.714,6.407.143,6.407.143,7795,7800,7795,3.337.099,29.694.887,29.732.674,305,305,301,2.158.236,39.429.313,119.163.424,34.993.515,3.486.381
2023-07-25 14:02:00,8.88,10.72,17.4,17.5,17.88,11.99,5.98,5.57,8.004.426,6.385.714,6.407.143,6.407.143,7795,7800,7795,3.337.099,29.694.887,29.732.674,305,305,301,2.158.236,39.429.313,9.646.563,35.058.365,34.993.515
2023-07-25 14:00:00,8.9,10.73,17.42,17.54,17.9,11.9,5.97,5.57,79.764.854,6.385.714,6.407.143,6.407.143,7795,7800,7795,3.337.099,29.694.887,29.732.674,305,305,301,2.158.236,39.429.313,9.646.563,35.123.215,35.058.365
2023-07-25 13:58:00,8.91,10.69,17.45,17.52,17.98,11.9,5.98,5.57,8.004.465,6.385.714,6.407.143,6.407.143,7795,7800,7795,3.337.099,29.694.887,29.732.674,305,305,301,2.158.236,39.429.313,9.646.563,3.525.292,35.123.215
2023-07-25 13:56:00,8.87,10.71,17.35,17.5,17.94,11.89,5.98,5.57,7.987.136,6.385.714,6.407.143,6.407.143,7795,7800,7795,3.337.099,29.694.887,29.732.674,305,305,301,2.158.236,39.429.313,119.163.424,35.376.137,3.525.292
2023-07-25 13:54:00,8.89,10.75,17.37,17.51,17.94,11.91,5.98,5.57,8.015.252,6.385.714,6.407.143,6.407.143,7795,7800,7795,3.337.099,29.694.887,29.732.674,305,305,301,2.158.236,39.105.058,9.646.563,35.440.987,3.531.777
2023-07-25 13:52:00,8.89,10.69,17.38,17.48,17.93,11.88,5.98,5.57,7.969.339,6.385.714,6.407.143,6.385.714,7795,7800,7795,3.337.099,29.694.887,29.732.674,305,305,301,2.158.236,39.429.313,9.646.563,35.570.686,35.440.987
2023-07-25 13:50:00,8.86,10.65,17.35,17.48,17.93,11.86,5.98,5.57,7.975.249,6.385.714,6.407.143,6.385.714,7795,7800,7795,3.337.099,29.694.887,29.732.674,305,305,301,21.063.554,39.105.058,9.646.563,3.563.554,35.570.686
2023-07-25 13:48:00,8.86,10.68,17.35,17.5,17.96,11.84,5.97,5.57,7.968.703,6.385.714,6.407.143,6.385.714,7795,7800,7795,3.337.099,29.694.887,29.732.674,305,305,301,21.063.554,3.881.323,9.646.563,3.576.524,3.570.039
2023-07-25 13:46:00,8.86,10.67,17.28,17.47,17.95,11.83,5.98,5.57,79.615.135,6.385.714,6.407.143,6.385.714,7795,7800,7795,3.337.099,29.694.887,29.732.674,305,305,301,21.063.554,38.488.975,9.646.563,35.894.943,3.583.009
2023-07-25 13:44:00,8.87,10.71,17.33,17.48,17.93,11.82,5.98,5.57,7.941.712,6.385.714,6.407.143,6.385.714,7795,7800,7795,3.337.099,29.694.887,29.732.674,305,305,301,21.063.554,3.881.323,9.646.563,36.018.158,35.894.943
2023-07-25 13:42:00,8.88,10.67,17.37,17.47,17.92,11.78,5.98,5.57,7.910.806,6.385.714,6.407.143,6.385.714,7795,7800,7795,3.337.099,29.694.887,29.732.674,305,305,301,20.544.747,38.488.975,9.646.563,36.083.008,36.018.158
2023-07-25 13:40:00,8.88,10.62,17.36,17.5,17.95,11.77,5.98,5.56,7.902.261,6.385.714,6.407.143,6.385.714,7795,7800,7795,3.337.099,29.694.887,29.732.674,305,305,301,20.544.747,38.488.975,9.646.563,3.621.271,3.614.786
2023-07-25 13:38:00,8.88,10.63,17.35,17.49,17.94,11.8,5.98,5.57,79.422.455,6.385.714,6.407.143,6.385.714,7795,7800,7795,3.337.099,29.694.887,29.732.674,305,305,301,20.544.747,3.816.472,9.646.563,3.634.241,3.634.241
2023-07-25 13:36:00,8.89,10.68,17.33,17.49,17.92,11.76,5.97,5.57,7.901.411,6.385.714,6.407.143,6.385.714,7795,7800,7795,3.337.099,29.694.887,29.732.674,305,305,301,20.544.747,3.816.472,9.646.563,36.407.265,3.646.563
2023-07-25 13:34:00,8.9,10.71,17.35,17.52,17.95,11.77,5.97,5.57,79.045.425,6.385.714,6.407.143,6.385.714,7795,7800,7795,3.337.099,29.694.887,29.732.674,305,305,301,2.002.594,3.816.472,9.646.563,3.653.048,3.653.048
2023-07-25 13:32:00,8.89,10.67,17.35,17.51,17.94,11.89,5.97,5.57,7.982.203,6.385.714,6.407.143,6.385.714,7795,7800,7795,3.337.099,29.694.887,29.732.674,305,305,301,2.002.594,37.516.212,11.348.897,3.659.533,36.725.033
2023-07-25 13:30:00,8.9,10.72,17.32,17.5,17.92,11.9,5.97,5.57,79.835.175,6.385.714,6.407.143,6.385.714,7795,7800,7795,3.337.099,29.694.887,29.732.674,305,305,301,2.002.594,37.840.468,9.646.563,36.725.033,36.854.733
2023-07-25 13:28:00,8.9,10.68,17.35,17.51,17.92,11.86,5.97,5.57,7.974.907,6.385.714,6.407.143,6.385.714,7795,7800,7795,3.337.099,29.694.887,29.732.674,305,305,301,2.002.594,37.840.468,9.646.563,36.725.033,370.428
2023-07-25 13:26:00,8.91,10.68,17.35,17.52,17.94,11.84,5.97,5.57,7.956.393,6.385.714,6.407.143,6.385.714,7795,7800,7795,3.337.099,29.694.887,29.732.674,305,305,301,19.507.134,37.516.212,119.163.424,36.854.733,37.172.504
2023-07-25 13:24:00,8.92,10.69,17.39,17.51,17.97,11.87,5.97,5.57,7.976.412,6.385.714,6.407.143,6.385.714,7795,7800,7795,3.337.099,29.694.887,29.732.674,305,305,301,19.507.134,37.516.212,9.646.563,36.854.733,37.172.504
2023-07-25 13:22:00,8.9,10.71,17.33,17.51,17.94,11.85,5.97,5.57,7.966.733,6.385.714,6.407.143,6.385.714,7795,7800,7795,3.337.099,29.694.887,29.732.674,305,305,301,19.040.208,36.867.705,11.348.897,36.789.883,37.237.354
2023-07-25 13:20:00,8.93,10.73,17.41,17.54,17.96,11.86,5.97,5.57,7.963.615,6.385.714,6.407.143,6.385.714,7795,7800,7795,3.337.099,29.694.887,29.732.674,305,305,301,19.040.208,36.867.705,10.781.453,3.659.533,37.172.504
2023-07-25 13:18:00,8.9,10.68,17.38,17.49,17.9,11.83,5.97,5.56,7.950.891,6.385.714,6.407.143,6.385.714,7795,7800,7795,3.337.099,29.694.887,29.732.674,305,305,301,18.521.401,3.654.345,15.321.012,3.614.786,3.697.795
2023-07-25 13:16:00,8.9,10.64,17.36,17.5,17.99,11.85,5.96,5.57,7.952.266,6.385.714,6.407.143,6.385.714,7795,7800,7795,3.337.099,29.694.887,29.732.674,305,305,301,18.521.401,36.251.622,124.837.875,3.531.777,3.634.241
2023-07-25 13:14:00,8.91,10.7,17.4,17.5,17.97,11.83,5.97,5.57,7.957.207,6.385.714,6.407.143,6.385.714,7795,7800,7795,3.337.099,29.694.887,29.732.674,305,305,301,56.446.177,843.061,10.843.871,3.358.625,34.805.447
2023-07-25 13:12:00,8.89,10.69,17.37,17.52,18.01,11.82,5.97,5.57,7.944.568,6.385.714,6.407.143,6.385.714,7795,7800,7795,3.337.099,29.694.887,29.732.674,305,305,301,10.718.547,30.794.423,118.794.586,43.197.147,43.579.765
2023-07-25 13:10:00,8.88,10.66,17.42,17.5,17.97,11.81,5.98,5.57,7.942.857,6.385.714,6.407.143,6.385.714,7795,7800,7795,3.337.099,29.694.887,29.732.674,305,305,301,21.063.554,39.105.058,13.618.676,43.197.147,43.968.872
2023-07-25 13:08:00,8.82,10.64,17.31,17.52,18.03,11.78,5.97,5.56,79.330.765,6.385.714,6.407.143,6.385.714,7795,7800,7795,3.337.099,29.694.887,29.732.674,305,305,301,2.158.236,39.105.058,13.618.676,43.197.147,44.092.087
2023-07-25 13:06:00,8.83,10.63,17.36,17.53,18.01,11.82,5.97,5.57,7.949.948,6.385.714,6.407.143,6.385.714,7795,7800,7795,3.337.099,29.694.887,29.732.674,305,305,301,2.158.236,4.007.782,14.753.567,43.002.594,44.092.087
2023-07-25 13:04:00,8.81,10.64,17.33,17.55,18,11.81,5.98,5.57,7.959.388,6.385.714,6.407.143,6.385.714,7795,7800,7795,3.337.099,29.694.887,29.732.674,305,305,301,22.101.167,4.007.782,11.348.897,42.555.122,43.904.022
2023-07-25 13:02:00,8.82,10.64,17.47,17.53,18,11.85,5.98,5.57,79.714.584,6.385.714,6.407.143,6.385.714,7795,7800,7795,3.337.099,29.694.887,29.732.674,305,305,301,22.101.167,4.007.782,11.348.897,4.153.048,43.197.147
2023-07-25 13:00:00,8.82,10.64,17.45,17.54,17.96,11.84,5.98,5.57,7.973.985,6.385.714,6.407.143,6.385.714,7795,7800,7795,3.337.099,29.694.887,29.732.674,305,305,301,40.570.688,4.361.219,257.393,39.033.722,41.018.158
2023-07-25 12:58:00,8.81,10.69,17.36,17.54,17.93,11.85,5.98,5.58,7.961.319,6.385.714,6.407.143,6.385.714,7795,7800,7795,3.337.099,29.694.887,29.732.674,305,305,301,56.705.575,36.851.492,8.129.783,3.614.786,3.653.048
2023-07-25 12:56:00,8.83,10.7,17.4,17.54,17.99,11.85,5.99,5.57,7.950.901,6.385.714,6.407.143,6.385.714,7795,7800,7795,3.337.099,29.694.887,29.732.674,305,305,301,738.262,37.937.744,7.449.416,38.261.997,3.794.423
2023-07-25 12:54:00,8.86,10.71,17.39,17.57,17.99,11.83,5.99,5.57,79.429.565,6.385.714,6.407.143,6.385.714,7795,7800,7795,3.337.099,29.694.887,29.732.674,305,305,301,7.936.187,1.538.262,7.710.441,40.058.365,40.376.137
2023-07-25 12:52:00,8.88,10.73,17.4,17.58,18.02,11.83,6,5.57,795.433,6.385.714,6.407.143,6.385.714,7795,7800,7795,3.337.099,29.694.887,29.732.674,305,305,301,79.517.508,20.444.229,7.672.422,4.415.694,4.377.432
2023-07-25 12:50:00,8.87,10.71,17.43,17.59,18.06,12.01,6,5.58,800.502,6.385.714,6.407.143,6.385.714,7795,7800,7795,3.337.099,29.694.887,29.732.674,305,305,301,79.719.844,25.988.975,77.019.295,5.049.935,51.076.523
2023-07-25 12:48:00,8.88,10.74,17.44,17.58,18,12,6,5.57,8.009.714,6.385.714,6.407.143,6.385.714,7795,7800,7795,3.337.099,29.694.887,29.732.674,305,305,301,7.941.375,27.846.951,7.579.361,5.947.471,6.081.712
2023-07-25 12:46:00,8.89,10.73,17.45,17.6,18,12.02,06.01,5.57,80.427.734,6.385.714,6.407.143,6.385.714,7795,7800,7795,3.337.099,29.694.887,29.732.674,305,305,301,8.264.591,34.351.492,8.616.083,8.267.185,8.401.427
2023-07-25 12:44:00,8.87,10.73,17.44,17.59,17.98,12.02,06.01,5.57,8.041.045,6.385.714,6.407.143,6.385.714,7795,7800,7795,3.337.099,29.694.887,29.732.674,305,305,301,8.172.244,32.555.122,80.787.125,9.125.811,9.061.608
2023-07-25 12:42:00,8.89,10.75,17.5,17.6,18.08,12.05,06.02,5.57,8.060.032,6.385.714,6.407.143,6.385.714,7795,7800,7795,3.337.099,29.694.887,29.732.674,305,305,301,7.900.389,283.917,7.932.312,9.151.751,9.087.549
2023-07-25 12:40:00,8.88,10.77,17.47,17.6,18.03,12,06.01,5.57,8.036.155,6.385.714,6.407.143,6.385.714,7795,7800,7795,3.337.099,29.694.887,29.732.674,305,305,301,7.357.198,25.988.975,7.608.301,9.151.751,9.087.549
2023-07-25 12:38:00,8.88,10.73,17.44,17.65,18.09,11.1,06.01,5.57,8.034.836,6.385.714,6.407.143,6.385.714,7795,7800,7795,3.337.099,29.694.887,29.732.674,305,305,301,6.172.763,25.667.963,7.610.003,91.575.874,909.987
2023-07-25 12:36:00,8.86,10.75,17.41,17.67,18.11,12.01,06.01,5.57,8.047.259,6.385.714,6.407.143,6.385.714,7795,7800,7795,3.337.099,29.694.887,29.732.674,305,305,301,61.571.984,25.444.229,75.209.145,9.151.751,9.094.034
2023-07-25 12:34:00,8.87,10.74,17.48,17.72,18.15,12.02,06.01,5.57,8.032.434,6.385.714,6.407.143,6.385.714,7795,7800,7795,3.337.099,29.694.887,29.732.674,305,305,301,61.623.864,25.444.229,7.532.263,9.145.266,9.087.549
2023-07-25 12:32:00,8.91,10.78,17.5,17.74,18.14,12.07,06.01,5.58,8.077.265,6.385.714,6.407.143,6.385.714,7795,7800,7795,3.337.099,29.694.887,29.732.674,305,305,301,61.571.984,25.411.804,7.519.212,9.145.266,9.087.549
2023-07-25 12:30:00,8.9,10.79,17.59,17.74,18.14,12.12,06.01,5.57,8.060.844,6.385.714,6.407.143,6.385.714,7795,7800,7795,3.337.099,29.694.887,29.732.674,305,305,301,6.177.951,25.379.376,7.523.184,9.145.266,9.087.549
2023-07-25 12:28:00,8.93,10.78,17.54,17.73,18.15,12.11,6,5.58,8.061.933,6.385.714,6.407.143,6.385.714,7795,7800,7795,3.337.099,29.694.887,29.732.674,305,305,301,6.198.703,25.346.951,7.516.375,9.138.781,9.081.064
2023-07-25 12:26:00,8.93,10.83,17.54,17.74,18.13,12.1,6,5.57,8.053.545,6.385.714,6.407.143,6.385.714,7795,7800,7795,3.337.099,29.694.887,29.732.674,305,305,301,6.239.689,25.314.527,7.514.673,9.145.266,9.081.064
2023-07-25 12:24:00,8.93,10.86,17.57,17.74,18.13,12.1,6,5.57,80.621.704,6.385.714,6.407.143,6.385.714,7795,7800,7795,3.337.099,29.694.887,29.732.674,305,305,301,6.316.472,25.379.376,7.524.886,91.640.724,909.987
2023-07-25 12:22:00,8.93,10.86,17.55,17.75,18.15,12.14,5.1,5.58,8.097.528,6.385.714,6.407.143,6.385.714,7795,7800,7795,3.337.099,29.694.887,29.732.674,305,305,301,63.932.557,25.476.654,7.527.724,91.705.574,911.284
2023-07-25 12:20:00,8.93,10.85,17.6,17.74,18.11,12.08,6,5.58,8.089.605,6.385.714,6.407.143,6.385.714,7795,7800,7795,3.337.099,29.694.887,29.732.674,305,305,301,65.110.245,25.603.113,7.519.212,9.183.528,911.284
2023-07-25 12:18:00,8.92,10.88,17.57,17.75,18.12,12.13,6,5.58,8.114.354,6.385.714,6.407.143,6.385.714,7795,7800,7795,3.337.099,29.694.887,29.759.655,305,305,301,6.603.372,25.859.272,751.524,9.183.528,911.284
2023-07-25 12:16:00,8.94,10.88,17.59,17.77,18.15,12.11,5.99,5.57,8.051.207,6.407.143,6.407.143,6.385.714,7795,7800,7795,3.337.099,29.694.887,29.759.655,305,305,301,66.137.486,26.180.286,7.528.291,9.183.528,911.284
2023-07-25 12:14:00,8.9,10.87,17.57,17.74,18.09,12.09,5.99,5.57,8.033.511,6.407.143,6.407.143,6.385.714,7795,7800,7795,3.337.099,29.694.887,29.759.655,305,305,301,66.241.245,2.659.533,75.209.145,9.183.528,9.106.355
2023-07-25 12:12:00,8.89,10.84,17.56,17.73,18.07,12.07,5.98,5.57,8.049.461,6.407.143,6.407.143,6.385.714,7795,7800,7795,3.337.099,29.694.887,29.759.655,305,305,301,66.339.817,27.110.896,75.390.724,9.151.751,9.119.325
2023-07-25 12:10:00,8.88,10.85,17.57,17.72,18.07,12.06,5.97,5.58,8.051.046,6.407.143,6.407.143,6.385.714,7795,7800,7795,3.337.099,29.694.887,29.759.655,305,305,301,6.649.546,27.493.515,75.333.984,911.284,911.284
2023-07-25 12:08:00,8.9,10.85,17.54,17.72,18.04,12.07,5.97,5.58,80.454.254,6.407.143,6.407.143,6.385.714,7795,7800,7795,3.337.099,29.694.887,29.759.655,305,305,301,66.391.697,27.749.677,7.525.454,91.575.874,9.177.043
2023-07-25 12:06:00,8.91,10.89,17.55,17.69,18.04,12.08,5.97,5.57,8.050.419,6.407.143,6.407.143,6.385.714,7795,7800,7795,3.337.099,29.694.887,29.759.655,305,305,301,6.659.922,2.797.341,7.544.747,9.183.528,9.190.013
2023-07-25 12:04:00,8.91,10.86,17.51,17.64,17.99,12.08,5.97,5.58,80.214.874,6.407.143,6.407.143,6.385.714,7795,7800,7795,3.337.099,29.694.887,29.759.655,305,305,301,66.905.317,28.261.998,7.562.905,91.705.574,9.119.325
2023-07-25 12:02:00,8.93,10.9,17.51,17.62,18.02,12.05,5.98,5.57,8.031.436,6.407.143,6.407.143,6.385.714,7795,7800,7795,3.337.099,29.694.887,29.759.655,305,305,301,6.674.968,28.135.538,7.544.747,9.177.043,9.106.355
2023-07-25 12:00:00,8.93,10.88,17.49,17.59,17.99,12,5.97,5.57,80.013.985,6.407.143,6.407.143,6.385.714,7795,7800,7795,3.337.099,29.694.887,29.759.655,305,305,301,66.801.558,28.200.388,754.191,9.196.498,9.119.325
2023-07-25 11:58:00,8.89,10.84,17.43,17.58,17.97,12,5.97,5.57,80.155.136,6.407.143,6.407.143,6.385.714,7795,7800,7795,3.337.099,29.694.887,29.759.655,305,305,301,6.644.358,2.803.826,7.529.426,9.183.528,911.284
2023-07-25 11:56:00,8.88,10.8,17.44,17.6,17.97,11.92,5.98,5.57,79.814.735,6.407.143,6.407.143,6.385.714,7795,7800,7795,3.337.099,29.694.887,29.759.655,305,305,301,6.644.358,28.103.113,7.553.826,9.177.043,9.106.355
2023-07-25 11:54:00,8.86,10.78,17.44,17.58,17.99,11.93,5.98,5.57,8.001.731,6.407.143,6.407.143,6.385.714,7795,7800,7795,3.337.099,29.694.887,29.759.655,305,305,301,66.339.817,2.797.341,7.548.719,9.183.528,911.284
2023-07-25 11:52:00,8.9,10.76,17.48,17.59,17.97,11.92,5.98,5.57,7.966.536,6.407.143,6.407.143,6.385.714,7795,7800,7795,3.337.099,29.694.887,29.759.655,305,305,301,6.659.922,28.070.688,7.559.501,91.705.574,909.987
2023-07-25 11:50:00,8.9,10.79,17.47,17.6,17.98,11.92,5.98,5.57,7.967.142,6.407.143,6.407.143,6.385.714,7795,7800,7795,3.337.099,29.694.887,29.759.655,305,305,301,6.649.546,28.103.113,75.209.145,9.177.043,9.106.355
2023-07-25 11:48:00,8.9,10.79,17.49,17.64,17.97,11.93,5.98,5.57,7.966.507,6.407.143,6.407.143,6.385.714,7795,7800,7795,3.337.099,29.694.887,29.759.655,305,305,301,66.339.817,28.005.836,7.534.533,9.177.043,9.106.355
2023-07-25 11:46:00,8.91,10.75,17.47,17.6,18,12.08,5.98,5.57,8.018.058,6.407.143,6.407.143,6.385.714,7795,7800,7795,3.337.099,29.694.887,29.759.655,305,305,301,66.339.817,28.103.113,7.520.347,9.177.043,909.987
2023-07-25 11:44:00,8.92,10.78,17.53,17.61,18,12.05,5.98,5.57,7.996.297,6.407.143,6.407.143,6.385.714,7795,7800,7795,3.337.099,29.694.887,29.759.655,305,305,301,6.659.922,28.326.848,7.557.231,9.183.528,911.284
2023-07-25 11:42:00,8.92,10.76,17.47,17.61,18.01,12.08,5.98,5.58,8.015.157,6.407.143,6.407.143,6.385.714,7795,7800,7795,3.337.099,29.694.887,29.759.655,305,305,301,6.659.922,28.103.113,753.737,91.640.724,9.094.034
2023-07-25 11:40:00,8.9,10.76,17.5,17.61,17.98,12.11,5.98,5.57,8.034.768,6.407.143,6.407.143,6.385.714,7795,7800,7795,3.337.099,29.694.887,29.759.655,305,305,301,6.659.922,28.261.998,7.550.422,9.145.266,9.074.578
2023-07-25 11:38:00,8.9,10.78,17.45,17.6,17.98,12.04,5.97,5.57,800.244,6.407.143,6.407.143,6.385.714,7795,7800,7795,3.337.099,29.694.887,29.759.655,305,305,301,6.706.096,28.135.538,7.552.124,9.138.781,9.068.093
2023-07-25 11:36:00,8.89,10.75,17.46,17.58,17.99,12.04,5.98,5.57,80.102.295,6.407.143,6.407.143,6.385.714,7795,7800,7795,3.337.099,29.694.887,29.759.655,305,305,301,66.957.197,28.070.688,753.964,9.151.751,9.074.578
2023-07-25 11:34:00,8.9,10.73,17.45,17.6,18.02,12,5.98,5.57,7.971.309,6.407.143,6.407.143,6.385.714,7795,7800,7795,3.337.099,29.694.887,29.759.655,305,305,301,66.853.437,28.167.963,7.543.612,91.575.874,9.081.064
2023-07-25 11:32:00,8.93,10.73,17.48,17.62,18.05,12,5.97,5.57,797.344,6.407.143,6.407.143,6.385.714,7795,7800,7795,3.337.099,29.694.887,29.759.655,305,305,301,66.853.437,28.103.113,7.522.049,9.151.751,9.081.064
2023-07-25 11:30:00,8.91,10.75,17.42,17.64,18.03,12.05,5.97,5.58,80.435.555,6.407.143,6.407.143,6.385.714,7795,7800,7795,3.337.099,29.694.887,29.759.655,305,305,301,6.716.472,28.359.272,7.554.394,91.575.874,9.087.549
2023-07-25 11:28:00,8.94,10.77,17.45,17.68,18.14,12.27,5.94,5.58,81.883.286,6.407.143,6.407.143,6.385.714,7795,7795,7795,3.337.099,2.972.995,29.759.655,305,305,301,6.711.284,28.070.688,7.536.235,9.145.266,9.074.578
2023-07-25 11:26:00,8.95,10.79,17.44,17.67,17.86,11.9,5.94,5.55,77.486.465,6.407.143,6.407.143,6.385.714,7795,7795,7795,3.337.099,2.972.995,29.759.655,305,305,301,67.470.818,28.135.538,75.118.355,9.138.781,9.068.093
2023-07-25 11:24:00,8.93,10.77,17.45,17.59,17.86,11.89,5.94,5.55,7.751.427,6.407.143,6.407.143,6.385.714,7795,7795,7795,3.337.099,2.972.995,29.759.655,305,305,301,67.725.034,28.229.573,7.524.886,9.138.781,9.061.608
2023-07-25 11:22:00,8.94,10.8,17.45,17.42,17.93,11.88,5.95,5.55,7.761.065,6.407.143,6.407.143,6.385.714,7795,7795,7795,3.337.099,2.972.995,29.759.655,305,305,301,67.880.673,28.359.272,7.533.965,9.138.781,9.061.608
2023-07-25 11:20:00,8.9,10.75,17.46,17.47,17.01,11.92,5.95,5.56,77.683.876,6.407.143,6.407.143,6.385.714,7795,7795,7795,3.337.099,2.972.995,29.759.655,305,305,301,6.803.113,28.261.998,7.526.589,9.125.811,9.042.802
2023-07-25 11:18:00,8.9,10.78,17.42,17.52,18.04,11.87,5.94,5.56,7.735.983,6.407.143,6.407.143,6.385.714,7795,7795,7795,3.337.099,2.972.995,29.759.655,305,305,301,6.813.489,2.845.655,7.536.235,9.145.266,9.074.578
2023-07-25 11:16:00,8.91,10.78,17.43,17.61,18.08,11.87,5.94,5.55,7.743.453,6.407.143,6.407.143,6.385.714,7795,7795,7795,3.337.099,2.972.995,29.759.655,305,305,301,68.290.534,283.917,7.560.068,9.125.811,9.068.093
2023-07-25 11:14:00,8.91,10.78,17.46,17.64,18.09,11.85,5.94,5.55,77.020.195,6.407.143,6.407.143,6.385.714,7795,7795,7795,3.337.099,2.972.995,29.759.655,305,305,301,68.544.745,28.712.711,7.533.965,9.106.355,9.048.638
2023-07-25 11:12:00,8.93,10.76,17.46,17.66,18.11,11.86,5.93,5.54,7.711.253,6.407.143,6.407.143,6.385.714,7795,7795,7795,3.337.099,2.972.995,29.759.655,305,305,301,68.492.866,2.851.816,75.424.774,9.119.325,9.061.608
2023-07-25 11:10:00,8.91,10.77,17.46,17.66,18.07,11.82,5.93,5.55,7.709.185,6.407.143,6.407.143,6.385.714,7795,7795,7795,3.337.099,2.972.995,29.759.655,305,305,301,68.290.534,2.845.655,7.534.533,9.125.811,9.061.608
2023-07-25 11:08:00,8.91,10.74,17.41,17.65,18.06,11.82,5.93,5.54,7.703.326,6.407.143,6.407.143,6.385.714,7795,7795,7795,3.337.099,2.972.995,29.759.655,305,305,301,6.823.865,28.424.125,7.543.045,9.145.266,9.081.064
2023-07-25 11:06:00,8.91,10.78,17.43,17.67,18.07,11.84,5.93,5.54,77.061.226,6.407.143,6.407.143,6.385.714,7795,7795,7795,3.337.099,2.972.995,29.759.655,305,305,301,6.859.663,28.774.319,7.545.882,9.183.528,911.284
2023-07-25 11:04:00,8.93,10.79,17.44,17.65,17.98,11.82,5.93,5.54,7.713.562,6.407.143,6.407.143,6.407.143,7795,7795,7795,3.337.099,2.972.995,29.759.655,305,305,301,6.875.227,28.774.319,7.557.798,9.177.043,9.106.355
,,,,,,,,,,,,,,7795,7795,3.337.099,2.972.995,29.759.655,305,305,301,68.544.745,283.917,75.333.984,9.119.325,9.055.123
,,,,,,,,,,,,,,7795,7795,3.337.099,2.972.995,29.759.655,305,305,301,68.492.866,2.845.655,7.524.886,911.284,9.048.638
,,,,,,,,,,,,,,7795,7795,3.337.099,2.972.995,29.759.655,305,305,301,68.446.174,28.359.272,7.522.049,9.119.325,9.048.638
,,,,,,,,,,,,,,7795,7795,3.337.099,2.972.995,29.759.655,305,305,301,68.394.294,28.294.423,7.525.454,9.125.811,9.061.608
,,,,,,,,,,,,,,7795,7795,3.337.099,2.972.995,29.759.655,305,305,301,68.394.294,2.845.655,7.531.129,9.138.781,9.068.093
,,,,,,,,,,,,,,7795,7795,3.337.099,2.972.995,29.759.655,305,305,301,68.290.534,28.615.434,7.550.422,9.119.325,9.055.123
,,,,,,,,,,,,,,7795,7795,3.337.099,2.972.995,29.759.655,305,305,301,68.342.414,28.485.732,7.564.608,9.132.296,9.061.608
,,,,,,,,,,,,,,7795,7795,3.337.099,2.972.995,29.759.655,305,305,301,6.813.489,2.858.301,7.553.826,9.132.296,9.061.608
,,,,,,,,,,,,,,7795,7795,3.337.099,2.972.995,29.759.655,305,305,301,6.798.444,28.550.584,75.260.216,9.138.781,9.068.093
,,,,,,,,,,,,,,7795,7795,3.337.099,2.972.995,29.759.655,305,305,301,6.803.113,28.261.998,75.260.216,9.151.751,9.081.064
,,,,,,,,,,,,,,7795,7795,3.337.099,2.972.995,29.759.655,305,305,301,67.776.914,28.424.125,7.534.533,9.138.781,9.074.578
,,,,,,,,,,,,,,7795,7795,3.337.099,2.972.995,29.759.655,305,305,301,67.828.794,28.359.272,7.532.263,9.132.296,9.074.578
,,,,,,,,,,,,,,7795,7795,3.337.099,2.972.995,29.759.655,305,305,301,67.522.697,28.167.963,75.333.984,91.640.724,909.987
,,,,,,,,,,,,,,7795,7795,3.337.099,2.972.995,29.759.655,305,305,301,67.776.914,28.229.573,7.523.752,91.640.724,909.987
,,,,,,,,,,,,,,7795,7795,3.337.099,2.972.995,29.759.655,305,305,301,67.725.034,28.229.573,7.524.886,9.138.781,9.081.064
,,,,,,,,,,,,,,7795,7795,3.337.099,2.972.995,29.759.655,305,305,301,67.673.154,27.911.804,7.528.859,9.125.811,9.061.608
,,,,,,,,,,,,,,7795,7795,3.337.099,2.972.995,29.759.655,305,305,301,67.776.914,28.200.388,7.534.533,9.138.781,9.061.608
,,,,,,,,,,,,,,7795,7795,3.337.099,2.972.995,29.759.655,305,305,301,67.673.154,28.103.113,75.424.774,9.132.296,9.061.608
,,,,,,,,,,,,,,7795,7795,3.337.099,2.972.995,29.759.655,305,305,301,67.828.794,28.326.848,7.532.263,9.132.296,9.061.608
,,,,,,,,,,,,,,7795,7795,3.337.099,2.972.995,29.759.655,305,305,301,67.574.577,28.135.538,7.557.798,9.132.296,9.061.608
,,,,,,,,,,,,,,7795,7795,3.337.099,2.972.995,29.759.655,305,305,301,67.673.154,28.261.998,7.554.394,9.119.325,9.048.638
,,,,,,,,,,,,,,7795,7795,3.337.099,2.972.995,29.759.655,305,305,301,67.574.577,28.326.848,7.571.984,9.094.034,9.029.832
,,,,,,,,,,,,,,7795,7795,3.337.099,2.972.995,29.759.655,305,305,301,67.828.794,28.326.848,7.579.361,9.094.034,9.029.832
,,,,,,,,,,,,,,7795,7795,3.337.099,2.972.995,29.759.655,305,305,301,67.725.034,28.200.388,754.191,911.284,9.055.123
,,,,,,,,,,,,,,7795,7795,3.337.099,2.972.995,29.759.655,305,305,301,67.470.818,2.803.826,7.528.291,9.125.811,9.061.608
,,,,,,,,,,,,,,7795,7795,3.337.099,2.972.995,29.759.655,305,305,301,67.725.034,28.005.836,75.260.216,9.138.781,9.074.578
,,,,,,,,,,,,,,7795,7795,3.337.099,2.972.995,29.759.655,305,305,301,67.574.577,28.103.113,7.519.212,9.138.781,9.074.578
,,,,,,,,,,,,,,7795,7795,3.337.099,2.972.995,29.759.655,305,305,301,6.736.706,28.103.113,7.554.394,9.145.266,9.081.064
,,,,,,,,,,,,,,7795,7795,3.337.099,2.972.995,29.759.655,305,305,301,67.522.697,27.911.804,7.524.886,9.138.781,9.074.578
,,,,,,,,,,,,,,7795,7795,3.337.099,2.972.995,29.759.655,305,305,301,67.725.034,28.103.113,75.226.166,9.138.781,9.074.578
,,,,,,,,,,,,,,7795,7795,3.337.099,2.972.995,29.759.655,305,305,301,67.522.697,28.103.113,753.964,9.138.781,9.081.064
,,,,,,,,,,,,,,7795,7795,3.337.099,2.972.995,29.759.655,305,305,301,67.315.173,28.005.836,7.528.291,9.145.266,9.081.064
,,,,,,,,,,,,,,7795,7795,3.337.099,2.972.995,29.759.655,305,305,301,67.673.154,28.167.963,7.552.124,9.138.781,9.074.578
,,,,,,,,,,,,,,7795,7795,3.337.099,2.972.995,29.759.655,305,305,301,6.762.127,28.070.688,7.528.291,9.132.296,9.074.578
,,,,,,,,,,,,,,7795,7795,3.337.099,2.972.995,29.759.655,305,305,301,67.776.914,28.359.272,7.546.449,9.132.296,9.074.578
,,,,,,,,,,,,,,7795,7795,3.337.099,2.972.995,29.703.074,305,305,301,67.574.577,28.103.113,75.515.564,9.151.751,9.094.034
,,,,,,,,,,,,,,7795,7795,3.337.099,2.972.995,29.703.074,305,305,301,6.741.894,28.135.538,753.737,9.145.266,9.087.549
,,,,,,,,,,,,,,7795,7795,3.337.099,2.972.995,29.703.074,305,305,301,6.741.894,28.005.836,7.514.673,9.145.266,9.087.549
,,,,,,,,,,,,,,7795,7795,3.337.099,2.972.995,29.703.074,305,305,301,67.470.818,27.940.986,7.536.235,9.132.296,9.068.093
,,,,,,,,,,,,,,7795,7795,3.337.099,2.972.995,29.703.074,305,305,301,6.736.706,2.797.341,7.514.105,9.145.266,9.081.064
,,,,,,,,,,,,,,7795,7795,3.337.099,2.972.995,29.703.074,305,305,301,6.741.894,27.814.527,75.226.166,9.145.266,9.081.064
,,,,,,,,,,,,,,7795,7795,3.337.099,2.972.995,29.703.074,305,305,301,67.470.818,27.879.376,7.529.426,9.145.266,9.081.064
,,,,,,,,,,,,,,7795,7795,3.337.099,2.972.995,29.703.074,305,305,301,67.574.577,28.070.688,7.537.938,9.132.296,9.068.093
,,,,,,,,,,,,,,7795,7795,3.337.099,2.972.995,29.703.074,305,305,301,67.522.697,27.814.527,75.260.216,9.138.781,9.074.578
,,,,,,,,,,,,,,7795,7795,3.337.099,2.972.995,29.703.074,305,305,301,67.470.818,27.911.804,75.333.984,9.138.781,9.074.578
,,,,,,,,,,,,,,7795,7795,3.337.099,2.972.995,29.703.074,305,305,301,6.716.472,2.803.826,7.560.068,9.145.266,9.074.578
,,,,,,,,,,,,,,7795,7795,3.337.099,2.972.995,29.703.074,305,305,301,6.716.472,28.005.836,7.534.533,9.145.266,9.081.064
,,,,,,,,,,,,,,7795,7795,3.337.099,2.972.995,29.703.074,305,305,301,6.706.096,2.797.341,7.528.291,9.151.751,9.081.064
,,,,,,,,,,,,,,7795,7795,3.337.099,2.972.995,29.703.074,305,305,301,67.009.077,27.940.986,7.524.886,9.145.266,9.081.064
,,,,,,,,,,,,,,7795,7795,3.337.099,2.972.995,29.703.074,305,305,301,6.716.472,28.005.836,75.390.724,9.145.266,9.081.064
,,,,,,,,,,,,,,7795,7795,3.337.099,2.972.995,29.703.074,305,305,301,6.716.472,28.005.836,75.481.514,9.138.781,9.074.578
,,,,,,,,,,,,,,7795,7795,3.337.099,2.972.995,29.703.074,305,305,301,67.211.413,28.005.836,7.544.747,91.640.724,9.087.549
,,,,,,,,,,,,,,7795,7795,3.337.099,2.972.995,29.703.074,305,305,301,6.711.284,27.940.986,7.528.859,91.575.874,9.074.578
,,,,,,,,,,,,,,7795,7795,3.337.099,2.972.995,29.703.074,305,305,301,6.706.096,2.803.826,7.506.728,9.132.296,9.061.608
,,,,,,,,,,,,,,7795,7795,3.337.099,2.972.995,29.703.074,305,305,301,67.263.293,28.135.538,7.584.468,9.138.781,9.074.578
,,,,,,,,,,,,,,7795,7795,3.337.099,2.972.995,29.703.074,305,305,301,6.736.706,2.803.826,7.526.589,91.575.874,9.087.549
,,,,,,,,,,,,,,7795,7795,3.337.099,2.972.995,29.703.074,305,306,301,6.741.894,28.200.388,7.530.561,9.138.781,9.068.093
,,,,,,,,,,,,,,7795,7795,3.337.099,29.679.638,29.703.074,305,306,301,67.263.293,28.103.113,753.737,9.145.266,9.074.578
,,,,,,,,,,,,,,7795,7795,3.337.099,29.679.638,29.703.074,305,306,301,67.574.577,28.294.423,753.964,9.125.811,9.048.638
,,,,,,,,,,,,,,7795,7795,3.337.099,29.679.638,29.703.074,305,306,301,67.932.553,28.135.538,7.544.747,911.284,9.048.638
,,,,,,,,,,,,,,7795,7795,3.337.099,29.679.638,29.703.074,305,306,301,6.808.301,28.294.423,75.316.956,9.106.355,9.048.638
,,,,,,,,,,,,,,7795,7795,3.337.099,29.679.638,29.703.074,305,306,301,6.762.127,28.229.573,7.528.859,9.106.355,9.042.802
,,,,,,,,,,,,,,7795,7795,3.337.099,29.679.638,29.703.074,305,306,301,67.932.553,28.200.388,7.536.235,9.106.355,9.042.802
,,,,,,,,,,,,,,7795,7795,3.337.099,29.679.638,29.703.074,305,306,301,6.823.865,28.229.573,7.526.589,9.106.355,9.036.317
,,,,,,,,,,,,,,7795,7795,3.337.099,29.679.638,29.703.074,305,306,301,6.818.677,28.229.573,7.526.589,9.125.811,9.055.123
,,,,,,,,,,,,,,7795,7795,3.337.099,29.679.638,29.703.074,305,306,301,68.290.534,28.294.423,7.520.347,9.132.296,9.055.123
,,,,,,,,,,,,,,7795,7795,3.337.099,29.679.638,29.703.074,305,306,301,68.544.745,283.917,7.559.501,9.119.325,9.048.638
,,,,,,,,,,,,,,7795,7795,3.337.099,29.679.638,29.703.074,305,306,301,68.394.294,28.229.573,7.519.779,9.125.811,9.048.638
,,,,,,,,,,,,,,7795,7795,3.337.099,29.679.638,29.703.074,305,306,301,6.875.227,28.326.848,7.545.882,9.106.355,9.036.317
,,,,,,,,,,,,,,7795,7795,3.337.099,29.679.638,29.703.074,305,306,301,6.890.272,28.261.998,7.550.989,9.106.355,9.036.317
,,,,,,,,,,,,,,7795,7795,3.337.099,29.679.638,29.703.074,305,306,301,69.006.486,2.845.655,75.226.166,9.094.034,9.016.861
,,,,,,,,,,,,,,7795,7795,3.337.099,29.679.638,29.703.074,305,306,301,69.006.486,28.326.848,7.530.561,909.987,9.029.832
,,,,,,,,,,,,,,7795,7795,3.337.099,29.679.638,29.703.074,305,306,301,69.058.366,2.845.655,7.522.049,9.106.355,9.029.832
,,,,,,,,,,,,,,7795,7795,3.337.099,29.679.638,29.703.074,305,306,301,69.006.486,28.615.434,75.481.514,909.987,9.023.346
,,,,,,,,,,,,,,7795,7795,3.337.099,29.679.638,29.703.074,305,306,301,6.875.227,2.858.301,7.536.235,909.987,9.016.861
,,,,,,,,,,,,,,7795,7795,3.337.099,29.679.638,29.703.074,305,306,301,6.890.272,28.871.596,7.543.045,911.284,9.048.638
,,,,,,,,,,,,,,7795,7795,3.337.099,29.679.638,29.703.074,305,306,301,68.492.866,2.858.301,7.532.263,911.284,9.048.638
,,,,,,,,,,,,,,7795,7795,3.337.099,29.679.638,29.703.074,305,306,301,68.342.414,28.550.584,75.169.426,9.106.355,9.036.317
,,,,,,,,,,,,,,7795,7795,3.337.099,29.679.638,29.703.074,305,306,301,68.446.174,2.858.301,75.209.145,9.106.355,9.036.317
,,,,,,,,,,,,,,7795,7795,3.337.099,29.679.638,29.703.074,305,306,301,6.823.865,28.550.584,75.566.635,9.106.355,9.036.317
,,,,,,,,,,,,,,7795,7795,3.337.099,29.679.638,29.703.074,305,306,301,68.290.534,28.806.744,753.964,9.106.355,9.036.317
,,,,,,,,,,,,,,7795,7795,3.337.099,29.679.638,29.703.074,305,306,301,6.798.444,2.864.786,7.562.905,9.094.034,9.023.346
,,,,,,,,,,,,,,7795,7795,3.337.099,29.679.638,29.703.074,305,306,301,6.798.444,2.890.402,7.525.454,9.094.034,9.023.346
,,,,,,,,,,,,,,7795,7795,3.337.099,29.679.638,29.703.074,305,306,301,67.470.818,2.864.786,7.519.779,9.094.034,9.023.346
,,,,,,,,,,,,,,7795,7795,3.337.099,29.679.638,29.703.074,305,306,301,6.716.472,2.858.301,75.169.426,9.094.034,9.023.346
,,,,,,,,,,,,,,7795,7795,3.337.099,29.679.638,29.703.074,305,306,301,66.957.197,28.615.434,753.964,9.094.034,9.023.346
,,,,,,,,,,,,,,7795,7795,3.337.099,29.679.638,29.703.074,305,306,301,6.674.968,28.615.434,7.526.589,9.094.034,9.023.346
,,,,,,,,,,,,,,7795,7795,3.337.099,29.679.638,29.703.074,305,306,301,66.853.437,2.845.655,7.536.803,909.987,9.029.832
,,,,,,,,,,,,,,7795,7795,3.337.099,29.679.638,29.703.074,305,306,301,66.853.437,28.615.434,753.737,909.987,9.048.638
,,,,,,,,,,,,,,7795,7795,3.337.099,29.679.638,29.703.074,305,306,301,666.511,28.200.388,7.523.184,911.284,9.048.638
,,,,,,,,,,,,,,7795,7795,3.337.099,29.679.638,29.703.074,305,306,301,6.670.298,28.326.848,75.260.216,9.094.034,9.036.317
,,,,,,,,,,,,,,7795,7795,3.337.099,29.679.638,29.703.074,305,306,301,666.511,28.103.113,75.390.724,9.087.549,9.023.346
,,,,,,,,,,,,,,7795,7795,3.337.099,29.679.638,29.703.074,305,306,301,66.853.437,283.917,7.523.752,9.087.549,9.016.861
,,,,,,,,,,,,,,7795,7795,3.337.099,29.679.638,29.703.074,305,306,301,6.716.472,28.359.272,75.209.145,9.094.034,9.023.346
,,,,,,,,,,,,,,7795,7795,3.337.099,29.679.638,29.703.074,305,306,301,67.211.413,283.917,75.532.585,909.987,9.023.346
,,,,,,,,,,,,,,7795,7795,3.337.099,29.679.638,29.703.074,305,306,301,66.905.317,28.229.573,7.527.724,9.081.064,8.997.406
,,,,,,,,,,,,,,7795,7795,3.337.099,29.679.638,29.703.074,305,306,301,6.706.096,28.229.573,7.520.347,9.081.064,9.003.891
,,,,,,,,,,,,,,7795,7795,3.337.099,29.679.638,29.703.074,305,306,301,6.711.284,28.200.388,75.623.375,9.068.093,8.997.406
,,,,,,,,,,,,,,7795,7795,3.337.099,29.679.638,29.703.074,305,306,301,6.716.472,28.712.711,7.546.449,9.068.093,8.997.406
,,,,,,,,,,,,,,7795,7795,3.337.099,29.679.638,29.703.074,305,306,301,6.674.968,28.200.388,75.175.095,9.055.123,8.997.406
,,,,,,,,,,,,,,7795,7795,3.337.099,29.679.638,29.703.074,305,306,301,67.009.077,28.261.998,7.536.235,9.042.802,8.972.114
,,,,,,,,,,,,,,7795,7795,3.337.099,29.679.638,29.703.074,305,306,301,66.905.317,2.845.655,7.534.533,9.023.346,8.959.144
,,,,,,,,,,,,,,7795,7795,3.337.099,29.679.638,29.703.074,305,306,301,6.659.922,28.229.573,7.532.263,9.036.317,8.972.114
,,,,,,,,,,,,,,7795,7795,3.337.099,29.679.638,29.703.074,305,306,301,666.511,28.424.125,756.858,9.061.608,8.997.406
,,,,,,,,,,,,,,7795,7795,3.337.099,29.679.638,29.703.074,305,306,301,6.670.298,28.200.388,7.534.533,9.068.093,9.016.861
,,,,,,,,,,,,,,7795,7795,3.337.099,29.679.638,29.703.074,305,306,301,66.189.365,28.200.388,753.964,91.575.874,9.094.034
,,,,,,,,,,,,,,7795,7795,3.337.099,29.679.638,29.703.074,305,306,301,66.801.558,29.383.917,7.731.436,9.145.266,9.081.064
,,,,,,,,,,,,,,7795,7795,3.337.099,29.679.638,29.703.074,305,306,301,6.674.968,30.570.688,7.587.873,91.705.574,909.987
,,,,,,,,,,,,,,7795,7795,3.337.099,29.679.638,29.703.074,305,306,301,6.536.965,27.493.515,7.032.912,91.705.574,909.987
,,,,,,,,,,,,,,7795,7795,3.337.099,29.679.638,29.703.074,305,306,301,65.571.985,2.746.109,70.136.185,9.177.043,9.106.355
,,,,,,,,,,,,,,7795,7795,3.337.099,29.679.638,29.703.074,305,306,301,6.592.996,27.493.515,7.035.749,91.640.724,9.094.034
,,,,,,,,,,,,,,7795,7795,3.337.099,29.679.638,29.703.074,305,306,301,660.856,27.846.951,702.894,91.640.724,9.094.034
,,,,,,,,,,,,,,7795,7795,3.337.099,29.679.638,29.703.074,305,306,301,660.856,27.814.527,702.894,91.575.874,9.094.034
,,,,,,,,,,,,,,7795,7795,3.337.099,29.679.638,29.703.074,305,306,301,66.189.365,27.782.102,7.024.967,91.640.724,9.094.034
,,,,,,,,,,,,,,7795,7795,3.337.099,29.679.638,29.703.074,305,306,301,660.856,27.655.642,70.136.185,91.575.874,9.094.034
,,,,,,,,,,,,,,7795,7795,3.337.099,29.679.638,29.703.074,305,306,301,65.727.625,2.771.725,70.136.185,91.705.574,909.987
,,,,,,,,,,,,,,7795,7795,3.337.099,29.679.638,29.703.074,305,306,301,6.516.213,27.749.677,7.024.967,9.177.043,9.106.355
,,,,,,,,,,,,,,7795,7795,3.337.099,29.679.638,29.703.074,305,306,301,6.526.589,27.749.677,7.021.563,9.177.043,911.284
,,,,,,,,,,,,,,7795,7795,3.337.099,29.679.638,29.703.074,305,306,302,64.959.793,27.655.642,70.244,9.183.528,911.284
,,,,,,,,,,,,,,7795,7795,3.337.099,29.679.638,29.612.896,305,306,302,64.856.033,27.493.515,70.226.974,9.177.043,911.284